Correct,Study,Category
0,1,1
0,1,1
0,1,1
0,1,1
0,1,1
1,1,1
0,1,1
1,1,1
1,1,1
1,1,1
1,1,1
0,1,1
0,1,1
1,1,1
1,1,1
0,1,1
0,1,1
1,1,1
1,1,1
1,1,1
0,1,1
1,1,1
0,1,1
0,1,1
0,1,1
1,1,1
0,1,1
0,1,1
0,1,1
0,1,1
1,1,1
0,1,1
0,1,1
1,1,1
0,1,1
0,1,1
1,1,1
0,1,1
0,1,1
0,1,1
0,1,1
0,1,1
0,1,1
1,1,1
0,1,1
0,1,1
1,1,1
1,1,1
0,1,1
0,1,1
1,2,1
1,2,1
0,2,1
1,2,1
1,2,1
0,2,1
0,2,1
0,2,1
0,2,1
1,2,1
0,2,1
0,2,1
0,2,1
1,2,1
1,2,1
0,2,1
0,2,1
0,2,1
1,2,1
1,2,1
0,2,1
0,2,1
0,2,1
0,2,1
1,2,1
0,2,1
0,2,1
0,2,1
1,2,1
0,2,1
1,2,1
0,2,1
0,2,1
0,2,1
0,2,1
0,2,1
1,2,1
0,2,1
0,2,1
0,2,1
1,2,1
1,2,1
0,2,1
1,2,1
1,2,1
0,2,1
1,2,1
1,2,1
0,2,1
1,2,1
1,2,1
1,2,1
1,2,1
0,2,1
0,2,1
0,2,1
0,2,1
1,2,1
1,2,1
1,2,1
0,2,1
0,2,1
0,2,1
1,2,1
1,2,1
0,2,1
1,2,1
0,2,1
1,2,1
1,2,1
1,2,1
1,2,1
0,2,1
1,2,1
0,2,1
0,2,1
1,2,1
1,2,1
1,2,1
0,2,1
1,2,1
1,2,1
0,2,1
0,2,1
0,2,1
0,2,1
1,2,1
1,2,1
0,2,1
0,2,1
0,2,1
1,2,1
1,2,1
0,2,1
1,2,1
0,2,1
0,2,1
1,2,1
0,2,1
1,2,1
0,2,1
1,2,1
0,2,1
1,2,1
1,2,1
0,2,1
1,2,1
1,2,1
1,2,1
0,2,1
1,2,1
1,2,1
0,2,1
1,2,1
1,2,1
1,2,1
0,2,1
1,2,1
0,2,1
1,2,1
0,2,1
0,2,1
0,2,1
1,2,1
0,2,1
0,2,1
0,2,1
0,2,1
0,3,1
0,3,1
0,3,1
0,3,1
1,3,1
1,3,1
0,3,1
1,3,1
1,3,1
0,3,1
1,3,1
0,3,1
1,3,1
0,3,1
1,3,1
0,3,1
1,3,1
0,3,1
0,3,1
1,3,1
1,3,1
0,3,1
0,3,1
0,3,1
0,3,1
0,3,1
0,3,1
0,3,1
1,3,1
0,3,1
0,3,1
0,3,1
0,3,1
0,3,1
0,3,1
1,3,1
1,3,1
0,3,1
1,3,1
0,3,1
1,3,1
0,3,1
0,3,1
0,3,1
0,3,1
0,3,1
1,3,1
0,3,1
0,3,1
1,3,1
0,3,1
0,3,1
1,3,1
0,3,1
1,4,1
0,4,1
1,4,1
0,4,1
0,4,1
1,4,1
0,4,1
0,4,1
0,4,1
0,4,1
0,4,1
1,4,1
0,4,1
0,4,1
0,4,1
0,4,1
1,4,1
0,4,1
1,4,1
0,4,1
0,4,1
0,4,1
0,4,1
0,4,1
0,4,1
0,4,1
0,4,1
0,4,1
0,4,1
0,4,1
0,4,1
0,4,1
0,4,1
1,4,1
0,4,1
0,4,1
0,4,1
1,4,1
0,4,1
0,4,1
0,4,1
1,4,1
1,4,1
0,4,1
1,4,1
0,4,1
0,4,1
0,4,1
1,4,1
0,4,1
0,4,1
0,4,1
0,4,1
1,4,1
1,4,1
0,4,1
0,4,1
0,4,1
0,4,1
1,4,1
0,4,1
1,4,1
1,4,1
0,4,1
0,4,1
1,4,1
1,4,1
1,4,1
0,4,1
0,4,1
0,4,1
0,4,1
0,4,1
0,4,1
0,4,1
0,4,1
0,4,1
0,4,1
0,4,1
0,4,1
1,4,1
0,4,1
1,4,1
0,4,1
0,4,1
0,4,1
0,4,1
0,4,1
0,4,1
0,4,1
0,4,1
1,4,1
0,4,1
0,4,1
0,4,1
0,4,1
1,4,1
0,4,1
0,4,1
0,4,1
0,4,1
0,4,1
0,4,1
0,4,1
0,4,1
1,4,1
1,4,1
0,4,1
0,4,1
0,4,1
0,4,1
0,4,1
0,4,1
1,4,1
0,4,1
0,4,1
1,4,1
0,4,1
0,4,1
0,4,1
0,4,1
0,4,1
1,4,1
0,4,1
1,4,1
0,4,1
0,4,1
0,4,1
0,5,1
1,5,1
0,5,1
0,5,1
1,5,1
0,5,1
1,5,1
0,5,1
1,5,1
0,5,1
1,5,1
1,5,1
1,5,1
0,5,1
0,5,1
0,5,1
0,5,1
0,5,1
0,5,1
0,5,1
0,5,1
0,5,1
0,5,1
0,5,1
0,5,1
1,5,1
0,5,1
0,5,1
0,5,1
0,5,1
0,5,1
0,5,1
0,5,1
0,5,1
0,5,1
0,5,1
0,5,1
0,5,1
0,5,1
0,5,1
1,5,1
0,5,1
1,5,1
0,5,1
0,5,1
0,5,1
0,5,1
0,5,1
0,5,1
0,5,1
1,5,1
0,5,1
0,5,1
0,5,1
0,5,1
1,5,1
1,5,1
0,5,1
0,5,1
1,5,1
0,5,1
1,5,1
0,5,1
1,5,1
1,5,1
0,5,1
0,5,1
1,5,1
0,5,1
0,5,1
1,5,1
1,5,1
0,5,1
0,5,1
0,5,1
0,5,1
0,5,1
0,5,1
1,5,1
1,5,1
1,5,1
0,5,1
0,5,1
0,5,1
0,5,1
0,5,1
1,5,1
1,5,1
1,5,1
1,5,1
0,5,1
0,5,1
1,5,1
0,5,1
0,5,1
0,5,1
0,5,1
1,5,1
0,5,1
1,5,1
0,5,1
0,5,1
0,5,1
0,5,1
0,5,1
1,5,1
0,5,1
1,5,1
0,5,1
0,5,1
0,5,1
0,5,1
1,5,1
1,5,1
1,5,1
1,5,1
0,5,1
0,5,1
0,5,1
0,5,1
1,6,1
1,6,1
1,6,1
0,6,1
0,6,1
0,6,1
0,6,1
1,6,1
0,6,1
1,6,1
1,6,1
1,6,1
0,6,1
0,6,1
0,6,1
1,6,1
1,6,1
0,6,1
0,6,1
1,6,1
0,6,1
1,6,1
0,6,1
1,6,1
0,6,1
1,6,1
1,6,1
0,6,1
0,6,1
0,6,1
0,6,1
0,6,1
0,6,1
0,6,1
0,6,1
0,6,1
0,6,1
0,6,1
0,6,1
1,6,1
1,7,1
0,7,1
0,7,1
1,7,1
0,7,1
0,7,1
0,7,1
0,7,1
0,7,1
0,7,1
0,7,1
0,7,1
1,7,1
0,7,1
1,7,1
1,7,1
1,7,1
1,7,1
1,7,1
0,7,1
0,8,1
0,8,1
0,8,1
1,8,1
0,8,1
0,8,1
1,8,1
0,8,1
0,8,1
0,8,1
0,8,1
0,8,1
1,8,1
0,8,1
0,8,1
1,8,1
0,8,1
1,8,1
0,8,1
0,8,1
0,8,1
0,8,1
1,8,1
0,8,1
0,8,1
1,8,1
0,8,1
1,8,1
0,8,1
0,9,1
0,9,1
0,9,1
0,9,1
0,9,1
1,9,1
0,9,1
0,9,1
1,9,1
1,9,1
0,9,1
0,9,1
1,9,1
0,9,1
0,9,1
0,9,1
0,9,1
0,9,1
0,9,1
0,9,1
1,9,1
0,9,1
1,9,1
1,9,1
0,9,1
0,9,1
0,9,1
0,9,1
0,9,1
0,9,1
0,10,1
0,10,1
1,10,1
1,10,1
0,10,1
0,10,1
1,10,1
1,10,1
0,10,1
1,10,1
0,10,1
0,10,1
1,10,1
1,10,1
1,10,1
0,10,1
1,10,1
0,10,1
0,10,1
1,10,1
1,10,1
1,10,1
1,10,1
0,10,1
0,10,1
0,10,1
0,10,1
0,10,1
0,10,1
1,10,1
0,11,1
0,11,1
0,11,1
0,11,1
0,11,1
1,11,1
1,11,1
0,11,1
1,11,1
0,11,1
1,11,1
0,11,1
0,11,1
1,11,1
1,11,1
1,11,1
1,11,1
0,11,1
0,11,1
0,11,1
0,11,1
1,11,1
0,11,1
0,11,1
0,11,1
0,11,1
1,11,1
0,11,1
0,11,1
1,11,1
0,12,1
0,12,1
0,12,1
0,12,1
0,12,1
1,12,1
1,12,1
1,12,1
0,12,1
1,12,1
0,12,1
0,12,1
1,12,1
0,12,1
0,12,1
1,12,1
0,12,1
0,12,1
0,12,1
1,12,1
1,12,1
0,12,1
1,12,1
0,12,1
0,12,1
0,12,1
1,12,1
0,12,1
1,12,1
1,12,1
1,12,1
0,12,1
1,12,1
1,12,1
0,12,1
1,12,1
1,12,1
1,12,1
1,12,1
1,12,1
0,12,1
1,12,1
1,12,1
0,12,1
0,12,1
0,12,1
1,12,1
0,12,1
0,12,1
0,12,1
1,12,1
1,12,1
0,12,1
0,12,1
0,13,1
1,13,1
0,13,1
0,13,1
0,13,1
1,13,1
0,13,1
0,13,1
1,13,1
0,13,1
1,13,1
1,13,1
0,13,1
1,13,1
0,13,1
0,13,1
1,13,1
0,13,1
0,13,1
1,13,1
0,13,1
1,13,1
0,13,1
0,13,1
0,13,1
0,13,1
1,13,1
1,13,1
0,13,1
1,13,1
1,13,1
0,13,1
0,13,1
0,13,1
0,13,1
1,13,1
0,13,1
0,13,1
0,13,1
0,13,1
0,13,1
1,13,1
1,13,1
0,13,1
0,13,1
0,13,1
0,13,1
0,13,1
1,13,1
1,13,1
0,13,1
0,13,1
0,13,1
1,13,1
0,14,1
0,14,1
1,14,1
0,14,1
0,14,1
0,14,1
0,14,1
1,14,1
1,14,1
0,14,1
0,14,1
0,14,1
1,14,1
1,14,1
0,14,1
1,14,1
0,14,1
0,14,1
1,14,1
0,14,1
0,14,1
1,14,1
1,14,1
0,14,1
0,14,1
0,14,1
1,14,1
0,14,1
0,14,1
1,14,1
1,14,1
1,14,1
0,14,1
0,14,1
0,14,1
0,14,1
0,14,1
0,14,1
1,14,1
0,14,1
1,14,1
0,14,1
0,14,1
1,14,1
0,14,1
1,14,1
0,14,1
1,14,1
1,14,1
1,14,1
0,14,1
0,14,1
1,14,1
1,14,1
0,14,1
0,14,1
0,14,1
1,14,1
1,14,1
0,14,1
1,14,1
1,14,1
0,14,1
1,14,1
0,14,1
1,14,1
0,14,1
0,14,1
1,14,1
0,14,1
0,14,1
1,14,1
0,14,1
1,14,1
0,14,1
1,14,1
1,14,1
1,14,1
1,14,1
1,14,1
0,14,1
1,14,1
0,14,1
1,14,1
0,14,1
0,14,1
1,14,1
0,14,1
1,14,1
0,14,1
0,14,1
0,14,1
0,14,1
1,14,1
1,14,1
1,14,1
0,14,1
0,14,1
0,14,1
0,14,1
1,14,1
0,14,1
1,14,1
0,14,1
0,14,1
1,14,1
0,14,1
0,14,1
0,14,1
1,14,1
0,14,1
0,14,1
0,14,1
0,14,1
1,14,1
0,14,1
0,14,1
1,14,1
0,14,1
0,14,1
1,14,1
0,14,1
1,14,1
0,14,1
1,14,1
1,14,1
0,14,1
1,14,1
0,14,1
0,14,1
1,14,1
0,14,1
0,14,1
0,14,1
1,14,1
0,14,1
1,14,1
0,14,1
0,15,1
0,15,1
1,15,1
0,15,1
1,15,1
0,15,1
1,15,1
0,15,1
0,15,1
1,15,1
0,15,1
0,15,1
0,15,1
0,15,1
0,15,1
0,15,1
0,15,1
0,15,1
1,15,1
0,15,1
1,15,1
1,15,1
1,15,1
1,15,1
0,15,1
1,15,1
0,15,1
0,15,1
0,15,1
0,15,1
1,15,1
0,15,1
0,15,1
0,15,1
1,15,1
1,15,1
0,15,1
1,15,1
1,15,1
0,15,1
0,15,1
1,15,1
0,15,1
0,15,1
0,15,1
0,15,1
0,15,1
0,15,1
0,15,1
1,15,1
0,15,1
0,15,1
1,15,1
1,15,1
1,15,1
0,15,1
0,15,1
0,15,1
0,15,1
0,15,1
0,15,1
1,15,1
0,15,1
0,15,1
0,15,1
1,15,1
0,15,1
1,15,1
0,15,1
0,15,1
1,15,1
0,15,1
1,15,1
0,15,1
0,15,1
0,15,1
1,15,1
0,15,1
1,15,1
0,15,1
0,15,1
1,15,1
0,15,1
0,15,1
0,15,1
1,15,1
0,15,1
1,15,1
1,15,1
1,15,1
1,15,1
0,15,1
0,15,1
1,15,1
0,15,1
0,15,1
0,15,1
0,15,1
1,15,1
0,15,1
0,15,1
0,15,1
0,15,1
0,15,1
0,15,1
0,15,1
0,15,1
1,15,1
0,15,1
1,15,1
0,15,1
0,15,1
0,15,1
1,15,1
0,15,1
0,15,1
0,15,1
1,15,1
0,15,1
0,15,1
1,16,1
1,16,1
0,16,1
0,16,1
0,16,1
0,16,1
0,16,1
1,16,1
0,16,1
0,16,1
0,16,1
1,16,1
1,16,1
0,16,1
1,16,1
0,16,1
0,16,1
0,16,1
0,16,1
1,16,1
0,16,1
0,16,1
1,16,1
1,16,1
0,16,1
0,16,1
0,16,1
1,16,1
0,16,1
0,16,1
1,16,1
0,16,1
0,16,1
1,16,1
1,16,1
0,16,1
0,16,1
0,16,1
0,16,1
1,16,1
0,17,1
0,17,1
0,17,1
0,17,1
0,17,1
1,17,1
1,17,1
1,17,1
0,17,1
0,17,1
0,17,1
0,17,1
0,17,1
0,17,1
0,17,1
0,17,1
0,17,1
0,17,1
0,17,1
1,17,1
1,17,1
0,17,1
0,17,1
0,17,1
0,18,1
1,18,1
0,18,1
0,18,1
0,18,1
0,18,1
1,18,1
0,18,1
0,18,1
0,18,1
0,18,1
0,18,1
0,18,1
1,18,1
0,18,1
1,18,1
0,18,1
0,19,1
0,19,1
1,19,1
0,19,1
1,19,1
0,19,1
1,19,1
1,19,1
0,19,1
0,19,1
0,19,1
0,19,1
1,19,1
0,19,1
0,19,1
0,19,1
0,19,1
1,19,1
0,19,1
0,19,1
0,19,1
0,19,1
0,19,1
0,20,1
0,20,1
0,20,1
1,20,1
0,20,1
0,20,1
0,20,1
0,20,1
0,20,1
0,20,1
0,20,1
0,20,1
0,20,1
1,20,1
0,20,1
0,20,1
0,20,1
0,20,1
0,20,1
0,20,1
0,20,1
1,20,1
0,20,1
0,20,1
0,20,1
1,20,1
1,20,1
1,20,1
0,20,1
1,20,1
0,20,1
0,20,1
0,20,1
0,20,1
0,20,1
1,20,1
0,20,1
0,20,1
0,21,1
0,21,1
0,21,1
0,21,1
0,21,1
0,21,1
0,21,1
1,21,1
0,21,1
0,21,1
1,21,1
0,21,1
0,21,1
0,21,1
1,21,1
0,21,1
0,21,1
0,21,1
0,21,1
0,21,1
1,21,1
0,21,1
0,21,1
1,21,1
1,21,1
0,21,1
1,22,1
1,22,1
0,22,1
1,22,1
0,22,1
0,22,1
0,22,1
0,22,1
0,22,1
0,22,1
1,22,1
1,22,1
0,22,1
1,22,1
1,22,1
0,22,1
1,22,1
0,22,1
0,22,1
1,22,1
0,22,1
0,22,1
0,22,1
0,22,1
0,22,1
0,22,1
1,22,1
0,22,1
0,22,1
0,22,1
0,22,1
1,22,1
0,22,1
1,22,1
0,22,1
0,22,1
1,22,1
0,22,1
0,22,1
0,22,1
0,22,1
0,22,1
0,22,1
1,22,1
1,22,1
0,22,1
0,22,1
0,22,1
1,22,1
0,22,1
0,22,1
1,22,1
0,22,1
1,22,1
0,22,1
0,22,1
1,22,1
0,22,1
0,22,1
0,22,1
1,22,1
1,22,1
1,22,1
1,22,1
1,22,1
1,22,1
0,22,1
0,22,1
0,22,1
0,22,1
0,22,1
0,22,1
0,22,1
0,22,1
0,22,1
0,22,1
0,22,1
1,22,1
0,22,1
0,22,1
0,22,1
0,22,1
0,22,1
0,22,1
0,22,1
0,22,1
0,22,1
0,22,1
1,22,1
0,22,1
1,22,1
1,22,1
0,22,1
0,22,1
1,22,1
1,22,1
1,22,1
0,22,1
1,22,1
0,22,1
0,22,1
0,22,1
0,22,1
1,22,1
0,22,1
1,22,1
1,22,1
1,22,1
1,22,1
1,22,1
0,22,1
0,22,1
0,22,1
0,22,1
0,23,1
0,23,1
0,23,1
0,23,1
1,23,1
1,23,1
1,23,1
0,23,1
0,23,1
0,23,1
0,23,1
1,23,1
0,23,1
0,23,1
0,23,1
0,23,1
1,23,1
0,23,1
0,23,1
0,23,1
0,23,1
0,23,1
0,23,1
0,23,1
1,23,1
0,23,1
0,23,1
0,23,1
0,23,1
0,23,1
1,23,1
0,23,1
1,23,1
0,23,1
0,23,1
0,23,1
1,23,1
1,23,1
0,23,1
1,23,1
0,23,1
0,23,1
0,23,1
0,23,1
0,23,1
1,23,1
0,23,1
0,23,1
0,23,1
0,23,1
1,24,1
1,24,1
0,24,1
1,24,1
0,24,1
1,24,1
0,24,1
1,24,1
1,24,1
0,24,1
0,24,1
1,24,1
0,24,1
1,24,1
1,24,1
1,24,1
0,24,1
1,24,1
1,24,1
1,24,1
1,24,1
0,24,1
0,24,1
1,24,1
0,24,1
1,24,1
0,24,1
0,24,1
0,24,1
0,24,1
0,24,1
0,24,1
1,24,1
1,24,1
0,24,1
0,24,1
0,24,1
0,24,1
0,24,1
1,24,1
0,24,1
1,24,1
1,24,1
0,24,1
0,24,1
0,24,1
1,24,1
0,24,1
0,24,1
0,24,1
1,24,1
0,25,1
0,25,1
0,25,1
0,25,1
0,25,1
0,25,1
0,25,1
0,25,1
0,25,1
0,25,1
0,25,1
0,25,1
1,25,1
0,25,1
0,25,1
0,25,1
1,25,1
0,25,1
0,25,1
1,25,1
0,25,1
1,25,1
0,25,1
1,25,1
0,25,1
0,25,1
0,25,1
0,25,1
0,25,1
0,25,1
0,25,1
0,25,1
1,26,1
0,26,1
0,26,1
0,26,1
0,26,1
0,26,1
0,26,1
0,26,1
0,26,1
1,26,1
1,26,1
0,26,1
0,26,1
1,26,1
0,26,1
0,26,1
0,26,1
0,26,1
0,26,1
0,26,1
0,26,1
0,26,1
1,26,1
0,26,1
0,26,1
0,26,1
0,26,1
1,26,1
0,26,1
0,26,1
0,26,1
0,26,1
1,26,1
0,26,1
0,26,1
1,26,1
0,26,1
0,26,1
0,26,1
0,26,1
0,27,1
0,27,1
1,27,1
0,27,1
1,27,1
0,27,1
1,27,1
0,27,1
0,27,1
0,27,1
0,27,1
0,27,1
1,27,1
1,27,1
0,27,1
1,27,1
0,27,1
0,27,1
0,27,1
0,27,1
0,27,1
0,27,1
0,27,1
0,27,1
0,27,1
0,27,1
1,27,1
0,27,1
1,27,1
0,27,1
0,27,1
0,27,1
0,27,1
0,27,1
0,27,1
0,27,1
1,27,1
0,27,1
1,27,1
0,27,1
0,28,1
1,28,1
1,28,1
1,28,1
1,28,1
1,28,1
1,28,1
0,28,1
0,28,1
0,28,1
0,28,1
0,28,1
0,28,1
1,28,1
1,28,1
0,28,1
0,28,1
0,28,1
1,28,1
1,28,1
0,28,1
1,28,1
0,28,1
0,28,1
0,28,1
1,28,1
1,28,1
1,28,1
0,28,1
0,28,1
0,28,1
0,28,1
0,29,1
0,29,1
0,29,1
0,29,1
1,29,1
0,29,1
1,29,1
0,29,1
1,29,1
0,29,1
1,29,1
1,29,1
0,29,1
0,29,1
0,29,1
1,29,1
1,29,1
0,29,1
1,29,1
1,29,1
0,29,1
0,29,1
0,29,1
0,29,1
0,29,1
0,29,1
1,29,1
0,29,1
1,29,1
0,29,1
1,29,1
1,29,1
0,29,1
0,29,1
0,29,1
0,29,1
0,29,1
0,29,1
1,29,1
0,29,1
1,29,1
0,29,1
0,29,1
0,29,1
0,29,1
0,29,1
0,29,1
0,29,1
0,29,1
1,29,1
0,29,1
1,29,1
1,29,1
0,29,1
0,29,1
1,29,1
1,29,1
0,29,1
1,29,1
0,29,1
1,29,1
1,29,1
1,29,1
0,29,1
0,29,1
0,29,1
0,29,1
0,29,1
0,29,1
0,29,1
0,29,1
0,29,1
0,29,1
0,29,1
1,30,2
1,30,2
1,30,2
1,30,2
1,30,2
0,30,2
0,30,2
0,30,2
1,30,2
0,30,2
0,30,2
0,30,2
1,30,2
1,30,2
1,30,2
0,30,2
1,30,2
0,30,2
0,30,2
0,30,2
1,30,2
0,30,2
1,30,2
0,30,2
1,30,2
0,30,2
0,30,2
0,30,2
1,30,2
0,30,2
1,30,2
0,30,2
1,31,2
1,31,2
0,31,2
0,31,2
0,31,2
0,31,2
0,31,2
0,31,2
0,31,2
1,31,2
1,31,2
0,31,2
1,31,2
1,31,2
0,31,2
1,31,2
0,32,2
0,32,2
1,32,2
0,32,2
0,32,2
1,32,2
1,32,2
1,32,2
0,32,2
0,32,2
1,32,2
0,32,2
0,32,2
0,32,2
0,32,2
0,32,2
1,32,2
0,32,2
0,32,2
1,32,2
1,32,2
0,32,2
0,32,2
1,32,2
0,32,2
0,32,2
1,32,2
0,32,2
1,32,2
0,32,2
1,32,2
1,32,2
1,32,2
0,32,2
0,32,2
1,32,2
1,32,2
0,32,2
1,32,2
0,32,2
1,32,2
0,32,2
0,32,2
0,32,2
0,32,2
0,32,2
1,32,2
0,32,2
0,32,2
0,32,2
1,32,2
1,32,2
1,32,2
1,32,2
0,32,2
1,32,2
0,32,2
0,32,2
1,32,2
0,32,2
0,32,2
1,32,2
1,32,2
0,32,2
1,32,2
1,32,2
1,32,2
1,32,2
1,32,2
1,32,2
0,32,2
0,32,2
1,32,2
0,32,2
0,32,2
1,32,2
0,32,2
0,32,2
0,32,2
0,32,2
0,32,2
0,32,2
0,32,2
0,32,2
0,32,2
0,32,2
0,32,2
0,32,2
1,32,2
0,32,2
0,32,2
0,32,2
1,32,2
0,32,2
0,32,2
1,32,2
1,32,2
0,32,2
0,32,2
0,32,2
0,32,2
0,32,2
1,32,2
1,32,2
0,32,2
0,32,2
0,32,2
0,32,2
0,32,2
0,32,2
1,32,2
0,32,2
1,32,2
0,32,2
1,32,2
0,32,2
0,32,2
0,32,2
0,32,2
1,32,2
0,33,2
0,33,2
0,33,2
0,33,2
0,33,2
1,33,2
0,33,2
1,33,2
0,33,2
0,33,2
0,33,2
0,33,2
0,33,2
0,33,2
0,33,2
0,34,2
0,34,2
0,34,2
0,34,2
1,34,2
0,34,2
0,34,2
1,34,2
0,34,2
1,34,2
0,34,2
0,34,2
0,34,2
0,34,2
0,34,2
0,34,2
1,34,2
0,34,2
0,34,2
0,34,2
1,34,2
0,34,2
0,34,2
1,34,2
0,34,2
1,34,2
0,34,2
1,34,2
1,34,2
0,34,2
0,34,2
1,35,2
1,35,2
0,35,2
0,35,2
1,35,2
0,35,2
1,35,2
0,35,2
0,35,2
0,35,2
0,35,2
1,35,2
0,35,2
0,35,2
0,35,2
0,35,2
0,35,2
1,35,2
1,35,2
0,35,2
0,35,2
1,35,2
0,35,2
1,35,2
1,35,2
0,35,2
1,35,2
0,35,2
0,35,2
0,35,2
1,35,2
0,35,2
0,35,2
0,35,2
0,35,2
0,35,2
0,35,2
1,35,2
1,35,2
0,35,2
1,36,2
0,36,2
0,36,2
0,36,2
0,36,2
1,36,2
1,36,2
0,36,2
0,36,2
0,36,2
0,36,2
0,36,2
0,36,2
0,36,2
0,36,2
1,36,2
1,36,2
1,36,2
1,36,2
0,36,2
1,36,2
0,36,2
0,36,2
0,36,2
0,36,2
1,36,2
0,36,2
0,36,2
0,36,2
1,36,2
1,36,2
0,36,2
0,36,2
0,36,2
0,36,2
0,36,2
0,36,2
0,36,2
0,36,2
1,36,2
0,37,2
1,37,2
0,37,2
0,37,2
0,37,2
0,37,2
0,37,2
1,37,2
0,37,2
1,37,2
0,37,2
1,37,2
0,37,2
0,37,2
0,37,2
0,37,2
0,37,2
0,37,2
0,37,2
0,37,2
0,37,2
0,37,2
1,37,2
1,37,2
0,37,2
1,37,2
0,37,2
1,37,2
0,37,2
1,37,2
0,37,2
0,37,2
0,37,2
0,37,2
0,37,2
0,37,2
0,37,2
0,37,2
0,37,2
0,37,2
0,37,2
0,37,2
0,37,2
1,37,2
0,37,2
1,37,2
0,37,2
0,37,2
0,38,2
0,38,2
0,38,2
1,38,2
0,38,2
0,38,2
0,38,2
0,38,2
0,38,2
0,38,2
0,38,2
0,38,2
0,38,2
0,38,2
0,38,2
0,38,2
0,38,2
0,38,2
0,38,2
1,38,2
0,38,2
0,38,2
1,38,2
0,38,2
0,38,2
1,38,2
0,38,2
0,38,2
1,38,2
0,38,2
0,38,2
0,38,2
0,38,2
0,38,2
0,38,2
0,38,2
0,38,2
0,38,2
0,38,2
0,38,2
0,38,2
0,38,2
0,38,2
1,38,2
0,38,2
0,38,2
0,38,2
1,38,2
0,39,2
0,39,2
0,39,2
1,39,2
0,39,2
0,39,2
1,39,2
1,39,2
1,39,2
1,39,2
1,39,2
0,39,2
1,39,2
1,39,2
0,39,2
1,39,2
0,39,2
0,39,2
0,39,2
0,39,2
0,39,2
0,39,2
0,39,2
0,39,2
0,39,2
0,39,2
0,39,2
1,39,2
0,39,2
0,39,2
0,39,2
1,39,2
1,39,2
0,39,2
0,39,2
0,39,2
0,39,2
1,39,2
0,39,2
1,39,2
0,39,2
0,39,2
1,39,2
0,39,2
0,39,2
0,39,2
1,39,2
0,39,2
1,39,2
0,39,2
0,39,2
0,39,2
0,39,2
1,39,2
0,39,2
1,39,2
0,39,2
0,39,2
1,39,2
0,39,2
0,39,2
0,39,2
0,39,2
0,39,2
0,39,2
0,39,2
1,39,2
0,39,2
1,39,2
0,39,2
0,39,2
1,39,2
0,39,2
0,39,2
1,39,2
1,39,2
0,39,2
0,39,2
0,39,2
0,39,2
0,40,2
1,40,2
1,40,2
1,40,2
1,40,2
1,40,2
0,40,2
0,40,2
0,40,2
1,40,2
0,40,2
1,40,2
0,40,2
0,40,2
0,40,2
0,40,2
0,40,2
0,40,2
1,40,2
0,40,2
0,40,2
1,40,2
1,40,2
0,40,2
1,40,2
0,40,2
0,40,2
0,40,2
0,41,2
0,41,2
0,41,2
0,41,2
0,41,2
1,41,2
0,41,2
0,41,2
0,41,2
1,41,2
0,41,2
0,41,2
0,42,2
0,42,2
1,42,2
1,42,2
1,42,2
1,42,2
0,42,2
1,42,2
0,42,2
0,42,2
0,42,2
0,42,2
0,42,2
0,42,2
0,42,2
0,42,2
1,42,2
0,42,2
0,42,2
0,42,2
0,42,2
0,42,2
0,42,2
0,42,2
1,42,2
0,42,2
0,42,2
1,42,2
1,42,2
0,42,2
1,42,2
1,42,2
0,42,2
0,42,2
1,42,2
0,42,2
0,42,2
0,42,2
1,42,2
0,42,2
0,42,2
0,42,2
0,42,2
0,42,2
0,42,2
0,42,2
0,42,2
0,42,2
0,42,2
1,42,2
0,42,2
0,42,2
1,42,2
0,42,2
0,42,2
1,42,2
0,42,2
0,42,2
0,42,2
0,42,2
0,42,2
0,42,2
0,42,2
1,42,2
0,42,2
0,42,2
1,42,2
0,42,2
0,42,2
0,42,2
1,42,2
0,42,2
0,42,2
0,42,2
0,42,2
1,42,2
1,42,2
1,42,2
0,42,2
1,42,2
0,43,2
0,43,2
0,43,2
1,43,2
0,43,2
0,43,2
0,43,2
0,43,2
0,43,2
0,43,2
0,43,2
1,43,2
0,43,2
1,43,2
0,43,2
1,43,2
0,43,2
0,43,2
1,43,2
0,43,2
0,43,2
0,43,2
0,43,2
1,43,2
0,43,2
0,43,2
0,43,2
1,43,2
0,43,2
1,43,2
0,43,2
1,43,2
0,43,2
0,43,2
0,43,2
0,43,2
0,43,2
1,43,2
1,43,2
1,43,2
0,43,2
0,43,2
0,43,2
0,43,2
0,43,2
0,43,2
0,43,2
0,43,2
0,43,2
1,43,2
0,43,2
0,43,2
0,43,2
1,43,2
1,43,2
1,43,2
1,43,2
0,43,2
0,43,2
0,43,2
1,43,2
1,43,2
0,43,2
0,43,2
1,43,2
0,43,2
1,43,2
0,43,2
0,43,2
0,43,2
1,43,2
1,43,2
1,43,2
0,43,2
0,43,2
0,43,2
1,43,2
1,43,2
0,43,2
0,43,2
0,44,2
0,44,2
0,44,2
0,44,2
1,44,2
1,44,2
1,44,2
1,44,2
1,44,2
0,44,2
0,44,2
0,44,2
0,44,2
1,44,2
1,44,2
0,44,2
0,44,2
1,44,2
0,44,2
0,44,2
1,44,2
0,44,2
1,44,2
0,44,2
0,44,2
1,44,2
1,44,2
0,44,2
0,44,2
0,44,2
1,44,2
0,44,2
1,44,2
1,44,2
0,44,2
0,44,2
0,44,2
0,44,2
0,44,2
1,44,2
0,44,2
0,44,2
0,44,2
0,44,2
0,44,2
1,44,2
0,44,2
0,44,2
0,44,2
0,44,2
0,44,2
0,44,2
0,44,2
0,44,2
0,44,2
0,44,2
0,44,2
0,44,2
1,44,2
0,44,2
0,44,2
0,44,2
0,44,2
1,44,2
0,44,2
0,44,2
0,44,2
0,44,2
0,44,2
0,44,2
0,44,2
0,44,2
0,44,2
0,44,2
0,44,2
0,44,2
0,44,2
0,44,2
1,44,2
0,44,2
1,45,2
0,45,2
0,45,2
0,45,2
0,45,2
0,45,2
0,45,2
1,45,2
0,45,2
0,45,2
0,45,2
0,45,2
1,45,2
0,45,2
1,45,2
1,45,2
0,45,2
0,45,2
0,45,2
0,45,2
0,45,2
0,45,2
0,45,2
0,45,2
0,45,2
0,45,2
0,45,2
1,45,2
0,45,2
0,45,2
0,45,2
0,45,2
1,45,2
0,45,2
0,45,2
1,45,2
1,45,2
1,45,2
1,45,2
1,45,2
0,45,2
0,45,2
1,45,2
0,45,2
0,45,2
0,45,2
0,45,2
0,45,2
1,45,2
0,45,2
0,45,2
0,45,2
0,45,2
0,45,2
0,45,2
0,45,2
0,45,2
1,45,2
1,45,2
1,45,2
0,45,2
1,45,2
1,45,2
0,45,2
1,45,2
0,45,2
0,45,2
0,45,2
1,45,2
1,45,2
0,45,2
0,45,2
0,45,2
0,45,2
1,45,2
1,45,2
1,45,2
0,45,2
0,45,2
1,45,2
1,45,2
0,45,2
0,45,2
0,45,2
0,45,2
0,45,2
1,45,2
1,45,2
0,45,2
0,45,2
1,45,2
0,45,2
0,45,2
0,45,2
0,45,2
0,45,2
1,45,2
1,45,2
0,45,2
1,45,2
1,45,2
1,45,2
0,45,2
0,45,2
1,45,2
0,45,2
0,45,2
0,45,2
0,45,2
0,45,2
0,45,2
1,45,2
0,45,2
1,45,2
0,45,2
0,45,2
0,45,2
1,45,2
1,45,2
0,45,2
0,46,3
1,46,3
0,46,3
1,46,3
0,46,3
0,46,3
0,46,3
0,46,3
0,46,3
0,46,3
0,46,3
0,46,3
0,46,3
0,46,3
0,46,3
0,46,3
0,46,3
0,46,3
1,46,3
0,46,3
0,46,3
1,46,3
0,46,3
0,46,3
0,46,3
0,46,3
0,46,3
0,46,3
0,46,3
0,46,3
0,46,3
0,46,3
1,46,3
0,46,3
0,46,3
0,46,3
0,46,3
0,46,3
0,46,3
0,46,3
0,46,3
1,46,3
1,46,3
0,46,3
0,46,3
1,46,3
0,46,3
0,46,3
1,46,3
1,46,3
0,46,3
0,46,3
0,46,3
0,46,3
0,47,3
1,47,3
0,47,3
1,47,3
0,47,3
0,47,3
0,47,3
0,47,3
0,47,3
1,47,3
1,47,3
1,47,3
1,47,3
0,47,3
0,47,3
0,48,3
0,48,3
0,48,3
1,48,3
0,48,3
1,48,3
1,48,3
0,48,3
0,48,3
1,48,3
1,48,3
1,48,3
0,48,3
1,48,3
0,48,3
1,49,3
1,49,3
0,49,3
0,49,3
0,49,3
0,49,3
0,49,3
0,49,3
1,49,3
1,49,3
0,49,3
0,49,3
0,49,3
0,49,3
0,49,3
0,49,3
0,49,3
1,49,3
0,49,3
0,49,3
0,49,3
0,49,3
1,49,3
0,49,3
0,49,3
1,49,3
0,49,3
0,49,3
0,49,3
1,49,3
0,49,3
1,49,3
0,49,3
0,49,3
0,49,3
0,49,3
1,49,3
0,49,3
0,49,3
0,49,3
1,50,3
1,50,3
0,50,3
0,50,3
1,50,3
1,50,3
0,50,3
1,50,3
0,50,3
0,50,3
0,50,3
0,50,3
1,50,3
0,50,3
0,50,3
0,50,3
0,50,3
0,50,3
0,50,3
0,50,3
0,50,3
0,50,3
0,50,3
0,50,3
0,50,3
0,50,3
0,50,3
1,50,3
0,50,3
0,50,3
0,50,3
1,50,3
0,50,3
1,50,3
0,50,3
0,50,3
1,50,3
0,50,3
0,50,3
0,50,3
0,50,3
0,50,3
0,50,3
1,50,3
1,50,3
0,50,3
0,50,3
0,50,3
0,50,3
0,50,3
1,50,3
1,50,3
1,50,3
0,50,3
1,50,3
0,50,3
0,50,3
0,50,3
0,50,3
0,50,3
0,50,3
0,50,3
0,50,3
0,50,3
0,50,3
0,50,3
1,50,3
0,50,3
0,50,3
0,50,3
0,50,3
0,50,3
0,50,3
0,50,3
1,50,3
0,50,3
0,50,3
0,50,3
0,50,3
0,50,3
0,50,3
1,50,3
1,50,3
0,50,3
0,50,3
1,50,3
0,50,3
0,50,3
0,50,3
0,50,3
0,50,3
1,50,3
0,50,3
0,50,3
1,50,3
0,50,3
0,50,3
0,50,3
0,50,3
0,50,3
0,50,3
0,50,3
0,50,3
0,50,3
1,50,3
1,50,3
0,50,3
0,50,3
0,50,3
0,50,3
0,50,3
1,50,3
1,50,3
0,50,3
0,50,3
0,50,3
0,50,3
0,50,3
0,50,3
0,50,3
0,50,3
0,50,3
0,50,3
0,50,3
0,50,3
0,50,3
0,50,3
1,50,3
0,50,3
0,50,3
0,50,3
0,50,3
0,50,3
0,50,3
0,50,3
0,50,3
0,50,3
1,50,3
1,50,3
0,50,3
0,50,3
0,50,3
0,50,3
0,50,3
1,50,3
0,50,3
1,50,3
0,50,3
1,50,3
1,50,3
0,50,3
1,50,3
1,50,3
0,50,3
0,50,3
0,50,3
1,50,3
0,50,3
1,50,3
0,50,3
0,50,3
1,50,3
0,50,3
0,50,3
0,50,3
1,50,3
0,50,3
0,50,3
0,50,3
0,50,3
1,50,3
0,50,3
1,50,3
0,50,3
0,50,3
1,50,3
0,50,3
0,50,3
0,50,3
0,50,3
0,50,3
0,50,3
0,50,3
0,50,3
0,50,3
0,50,3
0,50,3
1,50,3
0,50,3
1,50,3
0,50,3
0,50,3
0,50,3
0,50,3
0,50,3
0,50,3
1,50,3
0,50,3
0,50,3
0,50,3
1,50,3
0,50,3
1,50,3
0,50,3
0,50,3
0,50,3
0,50,3
1,50,3
1,50,3
0,50,3
0,50,3
0,50,3
0,50,3
1,50,3
0,50,3
0,50,3
0,50,3
0,50,3
1,50,3
0,50,3
0,50,3
0,50,3
0,50,3
0,50,3
0,50,3
1,50,3
0,50,3
0,50,3
0,50,3
1,50,3
0,50,3
1,50,3
0,50,3
0,50,3
0,50,3
0,50,3
0,50,3
0,50,3
0,50,3
1,50,3
0,50,3
0,50,3
1,50,3
1,50,3
0,50,3
0,50,3
1,50,3
0,50,3
0,50,3
1,50,3
0,50,3
0,50,3
1,50,3
0,50,3
0,50,3
1,50,3
0,50,3
0,50,3
0,50,3
0,50,3
0,50,3
0,50,3
0,50,3
0,50,3
1,50,3
0,50,3
0,50,3
0,50,3
1,50,3
1,50,3
0,50,3
0,50,3
0,50,3
1,50,3
0,50,3
1,50,3
0,50,3
0,50,3
0,50,3
0,50,3
0,50,3
0,50,3
0,50,3
0,50,3
0,50,3
0,50,3
1,50,3
0,50,3
0,50,3
1,50,3
0,50,3
1,50,3
0,50,3
0,50,3
0,50,3
0,50,3
0,50,3
1,50,3
0,50,3
0,50,3
1,50,3
0,50,3
1,50,3
0,50,3
0,50,3
0,50,3
1,50,3
0,50,3
0,50,3
0,50,3
1,50,3
0,50,3
0,50,3
1,50,3
0,50,3
0,50,3
0,50,3
1,50,3
0,50,3
0,50,3
0,50,3
0,50,3
0,50,3
1,50,3
1,50,3
1,50,3
0,50,3
1,50,3
0,50,3
0,50,3
0,50,3
0,50,3
0,50,3
0,50,3
0,50,3
0,50,3
1,50,3
0,50,3
0,50,3
0,50,3
0,50,3
0,50,3
1,50,3
1,50,3
0,50,3
0,50,3
0,50,3
1,50,3
0,50,3
0,50,3
0,50,3
0,50,3
0,50,3
0,50,3
0,50,3
0,50,3
0,50,3
0,50,3
0,50,3
1,50,3
0,50,3
0,50,3
0,50,3
0,50,3
0,50,3
0,50,3
0,50,3
0,50,3
0,50,3
0,50,3
0,50,3
0,50,3
0,50,3
0,50,3
0,50,3
0,50,3
0,50,3
1,50,3
0,50,3
1,50,3
1,50,3
0,50,3
0,50,3
0,50,3
0,50,3
0,50,3
0,50,3
1,50,3
0,50,3
0,50,3
0,50,3
1,50,3
0,50,3
0,50,3
0,50,3
1,50,3
0,50,3
0,50,3
1,50,3
0,50,3
0,50,3
1,50,3
1,50,3
0,50,3
1,50,3
0,50,3
0,50,3
1,50,3
0,50,3
0,50,3
0,50,3
1,50,3
1,50,3
0,50,3
1,50,3
0,50,3
0,50,3
0,50,3
0,50,3
0,50,3
0,50,3
0,50,3
1,50,3
0,50,3
0,50,3
1,50,3
0,50,3
0,50,3
0,50,3
0,50,3
0,50,3
0,50,3
0,50,3
0,50,3
0,50,3
0,50,3
1,50,3
0,50,3
0,50,3
0,50,3
0,50,3
0,50,3
0,50,3
0,50,3
1,50,3
0,50,3
1,50,3
0,50,3
0,50,3
0,50,3
0,50,3
0,50,3
0,50,3
0,50,3
0,50,3
0,50,3
0,50,3
0,50,3
0,50,3
0,50,3
0,50,3
0,50,3
0,50,3
1,50,3
0,50,3
1,50,3
0,50,3
0,50,3
1,50,3
1,50,3
1,50,3
1,50,3
0,50,3
0,50,3
0,50,3
0,50,3
0,50,3
0,50,3
0,50,3
1,50,3
1,50,3
0,50,3
0,50,3
0,50,3
0,50,3
1,50,3
0,50,3
0,50,3
0,50,3
0,50,3
1,50,3
0,50,3
1,50,3
0,50,3
0,50,3
0,50,3
0,50,3
1,50,3
0,50,3
0,50,3
0,50,3
1,50,3
0,50,3
1,50,3
0,50,3
0,50,3
0,50,3
0,50,3
0,50,3
0,50,3
0,50,3
1,50,3
0,50,3
0,50,3
0,50,3
0,50,3
0,50,3
0,50,3
0,50,3
1,50,3
1,50,3
0,50,3
1,50,3
0,50,3
0,50,3
0,50,3
1,50,3
1,50,3
0,50,3
0,50,3
0,50,3
0,50,3
0,50,3
0,50,3
0,50,3
0,50,3
1,50,3
0,50,3
0,50,3
1,50,3
1,50,3
0,50,3
0,50,3
1,50,3
0,50,3
1,50,3
1,50,3
1,50,3
0,50,3
0,50,3
0,50,3
1,50,3
1,50,3
0,50,3
0,50,3
0,50,3
0,50,3
0,50,3
0,50,3
0,50,3
0,50,3
0,50,3
0,50,3
0,50,3
1,50,3
0,50,3
0,50,3
0,50,3
0,50,3
1,50,3
0,50,3
0,50,3
0,50,3
0,50,3
0,50,3
1,50,3
0,50,3
0,50,3
0,50,3
1,50,3
0,50,3
0,50,3
0,50,3
0,50,3
0,50,3
0,50,3
0,50,3
0,50,3
0,50,3
0,50,3
0,50,3
1,50,3
0,50,3
0,50,3
0,50,3
0,50,3
0,50,3
1,50,3
1,50,3
0,50,3
0,50,3
0,50,3
0,50,3
0,50,3
1,50,3
1,50,3
0,50,3
0,50,3
1,50,3
0,50,3
0,50,3
0,50,3
0,50,3
1,50,3
0,50,3
1,50,3
0,50,3
0,50,3
0,50,3
0,50,3
0,50,3
0,50,3
0,50,3
1,50,3
0,50,3
1,50,3
0,50,3
0,50,3
0,50,3
1,50,3
1,50,3
0,50,3
0,50,3
0,50,3
0,50,3
1,50,3
1,50,3
0,50,3
0,50,3
0,50,3
0,50,3
1,50,3
1,50,3
0,50,3
0,50,3
0,50,3
0,50,3
1,50,3
0,50,3
1,50,3
0,50,3
1,50,3
1,50,3
1,50,3
0,50,3
0,50,3
0,50,3
1,50,3
1,50,3
0,50,3
0,50,3
0,50,3
0,50,3
0,50,3
0,50,3
1,50,3
0,50,3
0,50,3
1,50,3
1,50,3
0,50,3
1,50,3
0,50,3
0,50,3
1,50,3
0,50,3
1,50,3
0,50,3
1,50,3
0,50,3
0,50,3
0,50,3
0,50,3
0,50,3
0,50,3
0,50,3
0,50,3
0,50,3
1,50,3
1,50,3
0,50,3
0,50,3
0,50,3
0,50,3
0,50,3
0,50,3
0,50,3
0,50,3
0,50,3
0,50,3
0,50,3
0,50,3
0,50,3
0,50,3
0,50,3
0,50,3
0,50,3
0,50,3
0,50,3
1,50,3
0,50,3
1,50,3
0,50,3
1,50,3
1,50,3
0,50,3
0,50,3
1,50,3
0,50,3
0,50,3
0,50,3
1,50,3
1,50,3
0,50,3
0,50,3
0,50,3
1,50,3
0,50,3
0,50,3
0,50,3
1,50,3
0,50,3
0,50,3
0,50,3
0,50,3
0,50,3
0,50,3
0,50,3
0,50,3
1,50,3
0,50,3
0,50,3
1,50,3
0,50,3
0,50,3
0,50,3
0,50,3
1,50,3
1,50,3
0,50,3
1,50,3
0,50,3
0,50,3
0,50,3
1,50,3
1,50,3
0,50,3
0,50,3
1,50,3
0,50,3
0,50,3
0,50,3
1,50,3
0,50,3
0,50,3
0,50,3
1,50,3
0,50,3
0,50,3
1,50,3
0,50,3
1,50,3
0,50,3
1,50,3
1,50,3
0,50,3
0,50,3
1,50,3
0,50,3
0,50,3
0,50,3
0,50,3
0,50,3
0,50,3
0,50,3
0,50,3
0,50,3
1,50,3
0,50,3
1,50,3
0,50,3
0,50,3
0,50,3
0,50,3
0,50,3
0,50,3
0,50,3
1,50,3
0,50,3
0,50,3
0,50,3
1,50,3
0,50,3
0,50,3
0,50,3
0,50,3
0,50,3
0,50,3
0,50,3
0,50,3
0,50,3
0,50,3
0,50,3
0,50,3
0,50,3
1,50,3
0,50,3
0,50,3
0,50,3
1,50,3
0,50,3
0,50,3
1,50,3
0,50,3
1,50,3
1,50,3
1,50,3
0,50,3
0,50,3
0,50,3
0,50,3
1,50,3
0,50,3
0,50,3
1,50,3
0,50,3
0,50,3
0,50,3
0,50,3
1,50,3
0,50,3
0,50,3
0,50,3
0,50,3
1,50,3
0,50,3
0,50,3
1,50,3
0,50,3
0,50,3
0,50,3
0,50,3
1,50,3
0,50,3
0,50,3
0,50,3
1,50,3
0,50,3
0,50,3
0,50,3
0,50,3
0,50,3
0,50,3
0,50,3
1,50,3
1,50,3
1,50,3
1,50,3
0,50,3
0,50,3
1,50,3
1,50,3
0,50,3
0,50,3
0,50,3
0,50,3
0,50,3
0,50,3
0,50,3
0,50,3
1,50,3
1,50,3
0,50,3
0,50,3
0,50,3
1,50,3
0,50,3
0,50,3
0,50,3
0,50,3
0,50,3
0,50,3
1,50,3
0,50,3
0,50,3
0,50,3
0,50,3
0,50,3
0,50,3
1,50,3
0,50,3
0,50,3
0,50,3
1,50,3
0,50,3
1,50,3
0,50,3
0,50,3
0,50,3
1,50,3
0,50,3
0,50,3
0,50,3
1,50,3
0,50,3
0,50,3
0,50,3
0,50,3
0,50,3
1,50,3
0,50,3
0,50,3
0,50,3
1,50,3
0,50,3
0,50,3
0,50,3
1,50,3
0,50,3
0,50,3
1,50,3
1,50,3
0,50,3
0,50,3
0,50,3
0,50,3
1,50,3
0,51,3
0,51,3
1,51,3
0,51,3
1,51,3
0,51,3
0,51,3
0,51,3
0,51,3
0,51,3
0,51,3
1,51,3
0,51,3
0,51,3
0,51,3
1,51,3
0,51,3
0,51,3
1,51,3
0,51,3
1,51,3
0,51,3
0,51,3
1,51,3
0,51,3
0,51,3
1,51,3
0,51,3
1,51,3
0,51,3
0,51,3
0,51,3
0,51,3
1,51,3
1,51,3
1,51,3
0,51,3
0,51,3
0,51,3
1,51,3
1,51,3
0,51,3
0,51,3
0,51,3
0,51,3
0,51,3
0,51,3
0,51,3
0,51,3
0,51,3
0,51,3
0,51,3
0,51,3
0,51,3
0,51,3
0,51,3
1,51,3
1,51,3
0,51,3
0,51,3
0,51,3
0,51,3
1,51,3
0,51,3
1,51,3
0,51,3
0,51,3
1,51,3
0,51,3
0,51,3
0,51,3
1,51,3
0,51,3
0,51,3
1,51,3
0,51,3
0,51,3
0,51,3
0,51,3
0,51,3
0,51,3
0,51,3
1,51,3
1,51,3
0,51,3
1,51,3
0,51,3
1,51,3
0,51,3
0,51,3
0,51,3
0,51,3
0,51,3
0,51,3
0,51,3
0,51,3
1,51,3
1,51,3
0,51,3
1,51,3
1,51,3
0,51,3
0,51,3
0,51,3
0,51,3
0,51,3
0,51,3
0,51,3
0,51,3
0,51,3
1,51,3
1,51,3
1,51,3
0,51,3
1,51,3
0,51,3
1,51,3
0,51,3
0,51,3
0,51,3
0,51,3
0,51,3
0,51,3
1,51,3
1,51,3
0,51,3
0,51,3
0,51,3
0,51,3
0,51,3
1,51,3
0,51,3
1,51,3
0,51,3
0,51,3
0,51,3
0,51,3
0,51,3
0,52,3
0,52,3
0,52,3
0,52,3
0,52,3
0,52,3
0,52,3
0,52,3
0,52,3
1,52,3
0,52,3
0,52,3
0,52,3
0,52,3
0,52,3
0,52,3
0,52,3
1,52,3
1,52,3
1,52,3
0,52,3
0,52,3
0,52,3
1,52,3
1,52,3
0,52,3
0,52,3
1,52,3
0,52,3
0,52,3
0,52,3
0,52,3
1,52,3
0,52,3
0,52,3
0,52,3
0,52,3
0,52,3
1,52,3
1,52,3
0,52,3
0,52,3
0,52,3
0,52,3
1,52,3
0,52,3
1,52,3
0,52,3
0,52,3
0,52,3
0,52,3
0,52,3
0,52,3
1,52,3
1,52,3
0,52,3
0,52,3
0,52,3
0,52,3
1,52,3
1,52,3
0,52,3
1,52,3
0,52,3
0,52,3
0,52,3
0,52,3
0,52,3
0,52,3
0,52,3
0,52,3
0,52,3
0,52,3
0,52,3
0,52,3
0,52,3
0,52,3
0,52,3
0,52,3
0,52,3
0,52,3
1,52,3
0,52,3
0,52,3
0,52,3
0,52,3
0,52,3
1,52,3
0,52,3
1,52,3
0,52,3
0,52,3
0,52,3
0,52,3
1,52,3
1,52,3
0,52,3
0,52,3
0,52,3
0,52,3
0,52,3
1,52,3
0,52,3
0,52,3
0,52,3
0,52,3
0,52,3
1,52,3
0,52,3
0,52,3
1,52,3
0,52,3
0,52,3
0,52,3
1,52,3
1,52,3
0,52,3
0,52,3
1,52,3
0,52,3
0,53,3
0,53,3
0,53,3
0,53,3
0,53,3
0,53,3
0,53,3
1,53,3
0,53,3
0,53,3
1,53,3
0,53,3
0,53,3
1,53,3
0,53,3
0,53,3
0,53,3
0,53,3
0,53,3
1,53,3
1,53,3
0,53,3
0,53,3
0,53,3
0,54,3
0,54,3
0,54,3
1,54,3
1,54,3
0,54,3
0,54,3
0,54,3
0,54,3
0,54,3
0,54,3
0,54,3
0,54,3
0,54,3
0,54,3
0,54,3
0,54,3
1,54,3
0,54,3
1,54,3
0,54,3
0,54,3
0,54,3
0,54,3
0,55,3
0,55,3
0,55,3
0,55,3
0,55,3
0,55,3
0,55,3
0,55,3
1,55,3
0,55,3
0,55,3
0,55,3
0,55,3
0,55,3
0,55,3
0,55,3
1,55,3
0,55,3
0,55,3
0,55,3
0,56,3
0,56,3
0,56,3
1,56,3
0,56,3
0,56,3
0,56,3
1,56,3
1,56,3
0,56,3
1,56,3
1,56,3
1,56,3
0,56,3
1,56,3
0,56,3
0,56,3
0,56,3
0,56,3
0,56,3
0,56,3
1,56,3
0,56,3
0,56,3
0,56,3
0,56,3
0,57,3
0,57,3
1,57,3
1,57,3
0,57,3
1,57,3
1,57,3
1,57,3
0,57,3
0,57,3
0,57,3
0,57,3
0,57,3
1,57,3
0,57,3
0,57,3
0,57,3
0,57,3
0,57,3
0,57,3
0,57,3
0,57,3
0,57,3
0,57,3
1,57,3
0,57,3
0,57,3
0,57,3
0,57,3
0,57,3
0,57,3
0,57,3
0,57,3
0,57,3
0,57,3
0,57,3
0,57,3
0,57,3
0,57,3
0,57,3
0,57,3
1,57,3
0,57,3
0,57,3
0,57,3
1,57,3
1,57,3
0,57,3
0,57,3
0,57,3
1,57,3
0,57,3
0,57,3
0,57,3
1,57,3
0,57,3
0,57,3
0,57,3
1,57,3
0,57,3
0,57,3
1,57,3
1,57,3
1,57,3
0,57,3
0,57,3
0,57,3
0,57,3
0,57,3
0,57,3
0,57,3
0,57,3
0,57,3
1,57,3
0,58,3
0,58,3
0,58,3
0,58,3
0,58,3
1,58,3
0,58,3
1,58,3
0,58,3
0,58,3
1,58,3
0,58,3
0,58,3
1,58,3
0,58,3
0,58,3
0,58,3
0,58,3
0,58,3
0,58,3
1,58,3
1,58,3
0,58,3
1,58,3
0,58,3
0,58,3
0,58,3
0,58,3
1,58,3
0,58,3
0,58,3
0,58,3
0,58,3
1,58,3
0,58,3
1,58,3
0,58,3
0,58,3
0,58,3
0,58,3
0,58,3
0,58,3
0,58,3
0,58,3
0,58,3
0,58,3
0,58,3
0,58,3
1,58,3
0,58,3
0,58,3
0,58,3
0,58,3
0,58,3
0,58,3
0,58,3
0,58,3
1,58,3
1,58,3
0,58,3
1,58,3
1,58,3
0,58,3
0,58,3
0,58,3
1,58,3
0,58,3
0,58,3
0,58,3
0,58,3
0,58,3
0,58,3
0,58,3
0,58,3
0,58,3
0,59,3
0,59,3
0,59,3
0,59,3
0,59,3
0,59,3
0,59,3
0,59,3
1,59,3
1,59,3
0,59,3
0,59,3
0,59,3
0,59,3
1,59,3
1,59,3
1,59,3
0,59,3
0,59,3
0,59,3
0,59,3
0,59,3
0,59,3
0,59,3
0,59,3
1,59,3
1,59,3
0,59,3
0,59,3
0,59,3
0,59,3
0,59,3
1,59,3
0,59,3
1,59,3
0,59,3
1,59,3
0,59,3
0,59,3
0,59,3
0,59,3
1,59,3
0,59,3
1,59,3
1,59,3
0,59,3
0,59,3
0,59,3
0,59,3
0,59,3
0,59,3
0,59,3
0,59,3
0,59,3
0,59,3
0,59,3
0,59,3
1,59,3
0,59,3
0,59,3
0,59,3
0,59,3
1,59,3
0,59,3
0,59,3
0,59,3
0,59,3
0,59,3
0,59,3
1,59,3
1,59,3
1,59,3
0,59,3
0,59,3
0,59,3
0,59,3
0,59,3
0,59,3
0,59,3
0,59,3
0,59,3
0,59,3
0,59,3
1,59,3
0,59,3
0,59,3
0,59,3
0,59,3
1,59,3
0,59,3
0,59,3
0,59,3
0,59,3
0,59,3
0,59,3
0,59,3
1,59,3
0,59,3
0,59,3
0,59,3
1,60,3
0,60,3
1,60,3
0,60,3
0,60,3
0,60,3
1,60,3
0,60,3
0,60,3
0,60,3
0,60,3
0,60,3
1,60,3
0,60,3
0,60,3
0,60,3
0,60,3
0,60,3
0,60,3
0,60,3
0,60,3
0,60,3
0,60,3
1,60,3
0,60,3
0,60,3
1,60,3
1,60,3
0,60,3
0,60,3
0,60,3
1,60,3
1,60,3
0,60,3
1,60,3
1,60,3
0,60,3
0,60,3
0,60,3
0,60,3
0,60,3
1,60,3
1,60,3
1,60,3
1,60,3
0,60,3
0,60,3
0,60,3
0,60,3
0,60,3
0,60,3
0,60,3
0,60,3
0,60,3
0,60,3
0,60,3
1,60,3
0,60,3
0,60,3
0,60,3
0,60,3
1,60,3
0,60,3
0,60,3
0,60,3
1,60,3
0,60,3
0,60,3
1,60,3
1,60,3
0,60,3
1,60,3
0,60,3
0,60,3
0,60,3
0,60,3
0,60,3
1,60,3
0,60,3
1,60,3
0,60,3
1,60,3
0,60,3
0,60,3
0,60,3
0,60,3
0,60,3
0,60,3
1,60,3
1,60,3
0,60,3
1,60,3
0,60,3
0,60,3
0,60,3
0,60,3
0,60,3
0,60,3
1,60,3
0,60,3
0,61,3
0,61,3
1,61,3
0,61,3
0,61,3
0,61,3
0,61,3
1,61,3
0,61,3
0,61,3
0,61,3
0,61,3
0,61,3
0,61,3
0,61,3
0,61,3
0,61,3
1,61,3
1,61,3
0,61,3
0,61,3
0,61,3
0,61,3
0,61,3
0,61,3
0,61,3
0,61,3
0,61,3
0,61,3
0,61,3
0,61,3
0,61,3
0,61,3
0,61,3
0,61,3
0,61,3
0,61,3
1,61,3
0,61,3
1,61,3
1,61,3
0,61,3
1,61,3
0,61,3
0,61,3
0,61,3
1,61,3
0,61,3
0,61,3
1,61,3
0,61,3
1,61,3
0,61,3
0,61,3
0,61,3
0,61,3
1,61,3
1,61,3
0,61,3
1,61,3
0,61,3
1,61,3
0,61,3
0,61,3
0,61,3
0,61,3
0,61,3
0,61,3
0,61,3
0,61,3
1,61,3
0,61,3
0,61,3
0,61,3
0,61,3
0,61,3
0,62,3
1,62,3
0,62,3
0,62,3
1,62,3
0,62,3
0,62,3
1,62,3
0,62,3
0,62,3
0,62,3
1,62,3
1,62,3
0,62,3
0,62,3
0,62,3
1,62,3
1,62,3
0,62,3
1,62,3
0,62,3
1,62,3
0,62,3
0,62,3
0,62,3
0,62,3
0,62,3
0,62,3
0,62,3
0,62,3
0,62,3
0,62,3
0,62,3
1,62,3
0,62,3
1,62,3
1,62,3
0,62,3
0,62,3
1,62,3
1,62,3
0,62,3
0,62,3
0,62,3
0,62,3
1,62,3
1,62,3
0,62,3
1,62,3
0,62,3
0,62,3
0,62,3
0,62,3
1,62,3
0,62,3
1,62,3
0,62,3
0,62,3
1,62,3
0,62,3
0,62,3
0,62,3
0,62,3
0,62,3
0,62,3
0,62,3
1,62,3
1,62,3
0,62,3
0,62,3
0,62,3
0,62,3
0,62,3
0,62,3
0,62,3
0,62,3
0,62,3
0,62,3
0,62,3
0,62,3
0,62,3
0,62,3
0,62,3
0,62,3
1,63,3
0,63,3
1,63,3
1,63,3
0,63,3
0,63,3
1,63,3
1,63,3
0,63,3
0,63,3
1,63,3
1,63,3
0,63,3
1,63,3
1,63,3
0,63,3
1,63,3
0,63,3
1,63,3
0,63,3
1,63,3
1,63,3
0,63,3
1,63,3
